{
    "actorSpecification": 1,
    "name": "google-ads-transparency-scraper",
    "title": "Google Ads Transparency Scraper",
    "description": "Scrapes Google's Ad Transparency Center to check if domains are running ads. Features: ad creative extraction (images/videos), OCR text extraction, YouTube video handling, detailed stats, configurable concurrency, and robust error handling.",
    "version": "1.0",
    "meta": {
        "authors": ["Apify"],
        "source": "https://github.com/apify/actor-google-ads-transparency"
    },
    "input": "./input_schema.json",
    "storages": {
        "dataset": "./dataset_schema.json"
    },
    "dockerfile": "../Dockerfile",
    "environmentVariables": {},
    "build": {
        "memory": 2048,
        "timeout": 600
    },
    "run": {
        "memory": 4096,
        "timeout": 14400,
        "minConcurrency": 1,
        "maxConcurrency": 10
    }
} 